Source,Target
10048,6465
3549,1437
6498,3008
4283,509
9067,6465
3729,5463
3729,2794
3729,7854
3729,7125
2942,3046
2942,257
2942,6248
2942,4940
11,9612
8166,1438
8166,10311
3512,1061
3512,2261
6672,4907
6672,7866
6672,4790
6672,217
6672,3227
6672,3872
6672,6789
6672,3352
6672,8387
6672,2456
626,363
626,2438
5282,2403
4649,6286
4649,4380
4649,411
4649,6609
4649,4602
4649,4848
4649,751
4649,3804
4649,5067
4649,8644
4649,2438
4649,5324
4649,4088
4649,10022
4649,6701
4649,7035
4649,6436
4649,282
4649,2794
7750,4220
7750,5538
7750,6098
7750,8020
7750,2794
7750,3542
6399,4471
6399,7090
6399,269
2071,1983
8570,4064
8570,173
2889,4602
2889,5192
2889,8644
2889,4088
2889,282
2889,4649
2430,9375
2430,2056
1891,10163
1891,1821
1891,7676
1891,5683
1891,8020
1891,4118
8351,9169
8351,7796
8351,7160
1875,8020
6533,65
6533,8766
6533,10117
9682,319
8413,7796
548,642
548,4021
548,9525
548,7335
548,6448
548,1718
4488,65
4488,8766
4488,10117
9446,8509
9446,1708
6387,8351
6387,7796
8311,7556
8311,2403
5926,7720
5926,9691
5926,377
6087,4220
6087,536
6087,744
6087,8035
6087,8307
6087,5744
6087,8020
6087,8900
6087,4887
6087,6663
7921,5324
4202,7844
1303,7133
2756,5642
4465,4848
4465,751
4465,7035
4465,2403
4465,4649
4465,6802
330,4907
330,8387
979,8371
979,1209
979,5744
979,6405
979,6136
979,3542
979,8038
5185,576
5185,5683
5185,1891
5185,8160
5185,3689
5185,9479
5185,4118
5185,3518
10015,9796
2729,8351
2729,9169
2729,4563
2729,2929
2729,9399
2729,896
2729,7796
2729,7160
10324,9740
10323,8395
5049,5074
2901,4471
2901,7556
2901,1664
2901,7090
8766,1445
8766,65
8766,10117
2351,2391
2351,377
3117,7796
3574,536
3574,744
3574,1669
3574,3793
3574,1983
2917,2726
7632,7854
7979,8351
7979,9169
7979,7796
7979,7160
1909,1718
9645,8351
9645,9169
9645,4563
9645,2929
9645,9399
9645,9141
9645,8395
9645,7796
9645,7160
9645,6791
9431,8351
9431,9169
9431,7796
8868,5957
8868,7996
8868,2442
2537,1879
2113,6098
2113,9410
8395,8351
8395,9169
8395,548
8395,4563
8395,9399
8395,642
8395,5082
8395,611
8395,4021
8395,9525
8395,7335
8395,6448
8395,2592
8478,2793
6495,8351
6495,9169
4087,4014
4087,1746
4087,2794
7943,7342
2123,8351
2123,8395
2123,5177
6113,8478
7736,1660
7736,6137
3600,7720
3600,1437
3600,3204
3600,10021
3600,5631
3600,2391
3600,7796
3600,377
3600,776
10271,8766
10271,1346
9964,9863
4324,7167
5816,3002
5816,7544
5816,6396
5816,3644
5816,9525
615,4907
615,217
615,3872
615,408
615,3352
615,8387
615,2456
7875,751
7875,7035
7875,2403
7875,359
7875,6448
3358,8371
3358,6787
3358,4980
3358,659
3358,8035
3358,5683
3358,9172
3358,5744
3358,8020
3358,713
3358,6136
3358,1138
3358,979
3358,3542
3358,8038
7445,7743
507,8257
507,4088
507,7167
507,2463
2556,5324
2556,10022
713,6787
713,1209
2897,9796
9903,9697
554,2933
4760,6787
4760,3358
4760,659
4760,1209
4760,5744
4760,8020
4760,713
4760,6136
4760,1138
4760,2650
4760,979
4760,8038
7874,6286
7874,4380
7874,411
7874,5158
7874,10311
7874,4602
7874,4848
7874,751
7874,5067
7874,8539
7874,8914
7874,7035
7874,282
7874,4649
7874,6802
3847,2794
3287,9930
903,2462
6523,2548
7212,8387
7212,2456
323,1718
823,7090
5682,9169
5682,7796
217,8387
217,2456
8976,7522
4452,8351
4452,9169
4452,4563
4452,2929
4452,5186
4452,9399
4452,9141
4452,9112
4452,7796
4452,9645
4452,7160
4452,2592
4509,9169
4509,7796
379,2794
5463,8351
5463,3454
5463,6955
5463,9169
5463,1061
5463,4563
5463,2929
5463,8189
5463,3273
5463,5186
5463,9399
5463,896
5463,9141
5463,9112
5463,4515
5463,8395
5463,6251
5463,10330
5463,5177
5463,7796
5463,9655
5463,9645
5463,7160
5463,8203
5463,2353
5463,6791
5463,6327
5463,6473
5463,3440
5463,10115
5463,2403
5463,4492
5463,2592
10316,7045
3693,9558
7676,4760
7676,576
7676,8371
7676,1801
7676,2113
7676,6929
7676,5007
7676,6787
7676,10163
7676,4980
7676,3358
7676,3171
7676,1821
7676,4684
7676,659
7676,6661
7676,9172
7676,5744
7676,5291
7676,713
7676,5796
7676,6405
7676,6136
7676,1138
7676,2650
7676,7097
7676,8366
7676,979
7676,3542
7676,8038
7676,8160
7676,3689
7676,4118
7676,2235
7676,3518
868,4220
868,744
868,5958
868,7676
868,9728
868,8020
868,3793
868,8436
868,4655
868,2794
868,3542
868,3068
868,6033
541,6466
3842,7556
3842,6777
3842,3399
4364,5538
4364,6661
4364,6098
4364,5744
4364,4655
8830,9399
8830,9112
8830,6327
588,5957
588,9192
588,4611
588,7996
588,2811
588,2442
588,8868
2937,4639
2584,65
2584,8755
2584,789
2584,9457
2584,9525
2584,10117
2584,1346
3787,9697
3579,65
3579,4199
3579,8755
3579,789
3579,8766
3579,9457
3579,9525
3579,1346
6889,5177
6889,7796
5202,4220
5202,536
5202,1669
5202,8509
5202,5555
5202,1742
3440,8351
3440,6466
3440,3454
3440,6955
3440,5165
3440,9169
3440,1061
3440,4563
3440,2929
3440,3273
3440,5186
3440,173
3440,9399
3440,9141
3440,9112
3440,8395
3440,6251
3440,5177
3440,7796
3440,9655
3440,9645
3440,7160
3440,8203
3440,6791
3440,6327
3440,2403
3440,2794
3440,7854
3440,4492
3440,2592
1619,1596
1619,9865
1619,182
3616,984
4360,4220
4360,8673
4360,1742
4360,3574
7638,10163
7638,8035
7638,5683
8792,1171
8792,1746
8792,2794
4813,1438
9135,5067
9135,4088
9135,4649
9135,6802
6602,3068
8977,8101
7556,10040
7556,8351
7556,7946
7556,3454
7556,6094
7556,4064
7556,4471
7556,6952
7556,5851
7556,7879
7556,9169
7556,1638
7556,1061
7556,4310
7556,8570
7556,9544
7556,4563
7556,7720
7556,6609
7556,2929
7556,6845
7556,3273
7556,1437
7556,9384
7556,5186
7556,173
7556,988
7556,7439
7556,1782
7556,9691
7556,9399
7556,6657
7556,5271
7556,896
7556,9141
7556,1365
7556,9112
7556,3774
7556,10311
7556,3204
7556,6338
7556,7645
7556,5105
7556,4848
7556,3148
7556,751
7556,9403
7556,975
7556,1121
7556,1596
7556,8395
7556,182
7556,1170
7556,257
7556,6777
7556,3824
7556,2049
7556,6202
7556,9769
7556,6251
7556,2438
7556,4088
7556,2942
7556,8956
7556,10022
7556,5177
7556,2391
7556,3330
7556,7090
7556,664
7556,7796
7556,9655
7556,2718
7556,4698
7556,9645
7556,10123
7556,7160
7556,3167
7556,8539
7556,6474
7556,3644
7556,2481
7556,7035
7556,8203
7556,3011
7556,6248
7556,3217
7556,6791
7556,6327
7556,4600
7556,2403
7556,3883
7556,6898
7556,377
7556,359
7556,1356
7556,7854
7556,5344
7556,4649
7556,1346
7556,4098
7556,6802
7556,7125
7556,2592
9465,8351
9465,9169
3498,5957
3498,4115
3498,7996
8111,65
1457,3032
1457,4734
5229,2726
9638,8509
9638,9419
9638,579
865,924
7577,9169
7577,2929
7577,9399
7577,7796
8406,9375
8406,2056
1930,9169
1930,7796
3702,5957
3702,9192
686,8035
686,4118
2850,4357
8110,546
8110,9024
8676,8351
8676,9169
8676,7796
7015,10015
3793,536
3793,6663
1983,4220
1983,3432
1983,536
1983,744
1983,1669
1983,8509
1983,3358
1983,5555
1983,6087
1983,1613
1983,4684
1983,1742
1983,5958
1983,7676
1983,6459
1983,8307
1983,9728
1983,5744
1983,8020
1983,4887
1983,3793
1983,9796
1983,6405
1983,8816
1983,7362
1983,3399
1983,6663
1983,1713
1983,8436
1983,4655
1983,2794
1983,5903
1983,3542
1983,3068
1983,8038
1983,3689
1983,585
1983,6033
8544,7796
2439,9659
585,4220
585,536
585,744
585,1669
585,8509
585,5555
585,6087
585,8673
585,1613
585,3574
585,5538
585,5744
585,8900
585,4887
585,3793
585,7362
585,6663
585,5460
585,8436
585,6973
585,6137
585,2794
585,3542
585,6033
4320,2456
1105,3847
606,9169
606,7796
1638,4991
1638,3217
1638,506
1638,1686
1638,4848
1638,3774
1638,3148
5958,3542
9865,7556
9865,10022
9865,1686
9865,3217
9218,6136
9218,8038
472,8351
62,10157
3434,8351
3434,3454
3434,9169
3434,1061
3434,9112
3434,7796
3434,2592
3203,548
3203,642
3203,611
3203,4021
3203,9525
3203,7335
3203,6448
3203,1718
5957,9192
5957,2442
3572,2495
7097,2113
7097,8366
1807,4064
1807,2794
1807,7854
9129,1255
9129,8145
9129,7879
9129,6609
9129,6319
9129,7556
9129,6657
9129,257
9129,6777
9129,10022
9129,3842
9129,1686
9129,6474
9129,3399
9129,3217
9129,6898
9129,1356
9129,4940
1612,8351
1612,9169
1612,4563
1612,3273
1612,9399
1612,8395
1612,6251
1612,7796
1612,7160
1612,2592
8644,7874
8644,10212
8644,4602
8644,4848
8644,82
8644,5192
8644,2049
8644,8539
8644,9147
6534,5344
5983,5105
5983,8634
7807,7921
201,536
201,1669
201,8035
201,4655
201,2794
201,3542
201,3068
9235,52
9235,2692
9863,10021
2771,4423
6115,3872
2811,5957
2811,9192
2811,7996
2811,8868
7160,9169
7160,548
7160,642
7160,314
7160,8395
7160,10344
7160,611
7160,4021
7160,7796
7160,9525
7160,7335
7160,6448
7160,1718
10116,9697
10116,10157
1742,4220
1742,536
1742,744
1742,5555
1742,6087
1742,8673
1742,1613
1742,3574
1742,5538
1742,5967
1742,8900
1742,4887
1742,3793
1742,6663
1742,5460
1742,8436
1742,4655
1742,3847
1742,8038
1742,585
10339,3495
1093,1916
5744,8020
5744,6136
5744,2650
5744,8038
2217,1782
5234,6845
5234,1437
5234,1782
5234,3204
5234,5105
8012,4887
8012,7362
765,3676
6250,8509
6250,9419
6250,579
9883,2659
4758,5273
7747,3752
7090,4064
7090,8570
7090,173
7090,6202
7090,8188
7090,3644
7090,7854
8270,2794
4507,4380
4507,6706
4507,1191
4507,6609
4507,4602
4507,6701
8159,5957
8159,9192
8159,7996
8159,2811
8159,2442
8159,8868
3325,1801
3325,2113
3325,5538
3325,6661
3325,5744
3325,8020
3325,6405
3325,7362
3325,7097
3325,8366
3325,2794
8089,1664
8089,3011
7567,7146
4014,1171
4014,1746
4014,2794
4462,2495
9861,4602
9861,3804
9861,5067
9861,4088
9861,7035
9861,4649
2403,10040
2403,8351
2403,4051
2403,6466
2403,10174
2403,1445
2403,7946
2403,3454
2403,9434
2403,8847
2403,6094
2403,4064
2403,7309
2403,4471
2403,709
2403,6955
2403,6952
2403,5851
2403,5957
2403,9271
2403,4115
2403,5165
2403,1255
2403,8145
2403,5413
2403,5074
2403,9192
2403,7879
2403,6286
2403,3336
2403,9169
2403,1638
2403,4380
2403,8923
2403,7874
2403,6358
2403,2651
2403,10201
2403,548
2403,9135
2403,1238
2403,9108
2403,8257
2403,3046
2403,1061
2403,6620
2403,2889
2403,411
2403,4310
2403,8570
2403,9863
2403,5158
2403,5261
2403,3959
2403,9544
2403,507
2403,4563
2403,7720
2403,6672
2403,1934
2403,9316
2403,2534
2403,6609
2403,9659
2403,2929
2403,6845
2403,3273
2403,1437
2403,506
2403,1708
2403,1814
2403,4396
2403,9384
2403,5186
2403,3338
2403,173
2403,7439
2403,4199
2403,1782
2403,9691
2403,1438
2403,6680
2403,9399
2403,4611
2403,4907
2403,6319
2403,6857
2403,6186
2403,8627
2403,7136
2403,1664
2403,3002
2403,7721
2403,9907
2403,6657
2403,5271
2403,8070
2403,896
2403,1804
2403,7866
2403,9035
2403,9141
2403,7996
2403,2801
2403,1365
2403,1083
2403,9112
2403,10112
2403,3774
2403,10311
2403,2618
2403,7544
2403,9227
2403,642
2403,588
2403,314
2403,5082
2403,8755
2403,3204
2403,4070
2403,7645
2403,4602
2403,3571
2403,5105
2403,4848
2403,9861
2403,3148
2403,4515
2403,128
2403,8333
2403,856
2403,1269
2403,3804
2403,8823
2403,975
2403,1121
2403,7551
2403,10021
2403,5067
2403,930
2403,9865
2403,4790
2403,8395
2403,10315
2403,1916
2403,4444
2403,3264
2403,217
2403,3693
2403,1968
2403,8644
2403,4538
2403,257
2403,6777
2403,3824
2403,2049
2403,3227
2403,6202
2403,10344
2403,5631
2403,2261
2403,10271
2403,9769
2403,6251
2403,2438
2403,3032
2403,2811
2403,5324
2403,611
2403,10330
2403,425
2403,5905
2403,4088
2403,3872
2403,8286
2403,4831
2403,2942
2403,10022
2403,5177
2403,4021
2403,2391
2403,3330
2403,8766
2403,3842
2403,7090
2403,664
2403,10278
2403,2901
2403,4739
2403,7796
2403,8727
2403,4734
2403,9655
2403,2718
2403,4698
2403,3262
2403,9645
2403,10123
2403,2564
2403,1686
2403,7160
2403,31
2403,3167
2403,8539
2403,6474
2403,9457
2403,3644
2403,2442
2403,3516
2403,4176
2403,6490
2403,2172
2403,8773
2403,2481
2403,3207
2403,2463
2403,4749
2403,6789
2403,6458
2403,6701
2403,8914
2403,7035
2403,6748
2403,2894
2403,5028
2403,8868
2403,9970
2403,5895
2403,8203
2403,2353
2403,3399
2403,6248
2403,3217
2403,1296
2403,4779
2403,6791
2403,6327
2403,9129
2403,6473
2403,282
2403,2575
2403,10115
2403,8460
2403,4600
2403,6722
2403,5164
2403,579
2403,6264
2403,3883
2403,9525
2403,1208
2403,6898
2403,7335
2403,8325
2403,10117
2403,7559
2403,377
2403,408
2403,8951
2403,6616
2403,3352
2403,2794
2403,1356
2403,7854
2403,5344
2403,1550
2403,3087
2403,4991
2403,7755
2403,4649
2403,8387
2403,1346
2403,8354
2403,2456
2403,6178
2403,4940
2403,9484
2403,8997
2403,776
2403,6448
2403,3008
2403,424
2403,4492
2403,6802
2403,1718
2403,2592
6806,5966
3243,4715
9116,988
9116,5538
8257,751
8257,4649
8257,6802
6134,6283
6134,4088
6134,8438
6473,8351
6473,9169
6473,4563
6473,9399
6473,896
6473,8395
6473,7796
6473,7160
6473,6791
6473,2592
8646,4064
8646,3432
8646,536
8646,744
8646,1669
8646,1437
8646,1742
8646,1083
8646,5463
8646,1984
8646,4887
8646,8816
8646,7362
8646,2172
8646,1713
8646,4655
8646,2794
8646,7854
8646,3068
8646,7125
8646,1983
1814,9116
1814,4070
1814,3542
8952,7720
8952,5105
8952,2391
8952,377
8220,10311
8220,751
8220,7035
8220,2403
8220,4649
8220,6802
6620,6286
6620,10311
6620,4848
6620,751
6620,8539
6620,7035
6620,282
6620,4649
6620,6802
1916,8286
5721,7643
1804,7946
1804,9434
1804,6094
1804,4064
1804,7556
5719,4064
5719,8570
6480,8844
6480,5880
4681,4220
4681,8509
4681,6661
4681,5744
4681,5796
4681,7097
4681,8366
4681,8436
4681,2794
4681,3542
4734,5957
4734,9271
4734,4115
4734,9192
4734,4611
4734,7996
4734,588
4734,1121
4734,2811
4734,8868
7720,9544
7720,9691
7720,1365
7720,3883
7720,377
7720,1346
6586,9863
6586,10021
6452,10157
7269,6137
6199,8351
6199,7796
10110,3106
4098,6657
4098,4848
4098,9865
4098,10022
4098,1686
4098,3217
4098,2403
4098,4991
1088,5957
5094,6787
5094,1209
5094,5744
5094,6136
5094,3542
5094,8038
9172,10163
9172,5683
9172,9479
7755,217
7755,3872
7755,3352
7755,8387
7755,2456
5538,4220
5538,3432
5538,536
5538,744
5538,1669
5538,3358
5538,5555
5538,1613
5538,4684
5538,5958
5538,7676
5538,6459
5538,868
5538,9728
5538,5744
5538,8020
5538,4887
5538,3793
5538,9796
5538,6405
5538,8816
5538,7362
5538,1713
5538,10245
5538,8436
5538,5903
5538,3068
5538,8038
5538,3689
5538,6033
5538,1983
10130,7090
6550,8634
2655,4064
2655,8570
2627,1538
6857,9108
6857,9863
6857,9659
6857,6396
6857,10021
6857,1916
6857,2261
6857,8286
6857,4831
6857,3661
6857,4779
6857,8325
3803,7854
3169,7796
8074,8766
8074,10117
3624,1669
3624,5261
3624,1814
3624,5538
3624,4070
3624,1269
3624,5905
3624,8020
3624,3793
3624,7362
3624,6458
3624,2794
3624,3542
3624,8354
6006,8351
6006,9169
6006,7796
4416,9863
4416,8286
4416,4779
8291,7796
39,9544
39,1374
39,6845
39,1437
39,1782
39,9691
39,1365
39,3204
39,2391
39,3883
39,377
39,5344
39,1346
8031,4949
3493,4021
3493,9525
3493,7335
3493,6448
3493,1718
6455,548
6455,8395
6455,611
6455,4021
6455,9525
6455,7335
3571,3872
7898,1586
7523,9810
5843,7556
5843,4848
5843,3148
5843,9865
5843,5324
1918,536
1918,4980
1918,8035
1918,9172
1918,2235
4932,6465
6757,10174
6757,5775
6757,1942
6757,6284
6757,2794
6757,2421
7395,1718
6678,6466
6678,4064
6678,5165
6678,173
6678,8773
6678,2894
6678,2403
6678,2794
6678,7854
2172,6466
2172,5165
2172,1437
2172,173
2172,2894
2172,1208
4600,7720
4600,9691
4600,5344
2663,2794
1066,8436
3322,9169
3322,7796
3322,7160
3336,1255
3336,7879
3336,6319
3336,7556
3336,6657
3336,257
3336,6777
3336,5324
3336,10022
3336,3842
3336,1686
3336,6474
3336,3399
3336,3217
8539,2598
8539,6286
8539,4380
8539,8257
8539,411
8539,5158
8539,8495
8539,1191
8539,9907
8539,10311
8539,4848
8539,751
8539,5067
8539,10315
8539,4444
8539,5192
8539,4088
8539,6490
8539,2463
8539,6701
8539,7035
8539,3304
8539,9147
8539,282
8539,6722
8539,4649
8539,6802
9434,7556
3853,5793
8439,3200
8914,6286
8914,8495
8914,10311
8914,4602
8914,751
8914,5192
8914,8644
8914,2049
8914,4088
8914,8539
8914,282
8914,6722
8914,4649
8914,4357
9530,8816
4015,4715
2550,6701
2550,6722
2550,6616
10174,6286
10174,6620
10174,5775
10174,10311
10174,4848
10174,751
10174,8333
10174,3804
10174,2049
10174,4088
10174,8539
10174,6490
10174,8914
10174,7035
10174,1942
10174,2794
10174,4649
10174,6802
4876,2391
8261,7854
8228,2794
8638,10157
1209,6929
1209,5007
1209,3358
1209,1821
1209,659
1209,7676
1209,5744
1209,8020
1209,6405
1209,6136
1209,2650
1209,5903
1209,8038
1209,3689
1209,4118
5460,536
5460,5555
5460,6137
5460,3542
9299,4655
6136,8038
3410,4064
3410,5165
3410,7854
3748,9697
3748,10157
3748,6189
4246,9863
4246,8286
5881,213
6033,536
6033,744
6033,1669
6033,5555
6033,1613
6033,1742
6033,7676
6033,8307
6033,8020
6033,4887
6033,3793
6033,8816
6033,7362
6033,3399
6033,5460
6033,1713
6033,6973
6033,4655
6033,6137
6033,2794
6033,3068
6033,3847
9484,9544
9484,7720
9484,6845
9484,1437
9484,1365
9484,5105
9484,2391
9484,4600
9484,3883
9484,377
9484,5344
9484,1346
9484,776
8627,6672
8627,217
8627,3227
8627,3872
8627,6789
8627,408
8627,3352
8627,8387
8627,2456
8320,1801
8773,217
8773,3872
8773,6789
8773,408
8773,3352
8773,8387
8773,2456
2339,7160
8160,6787
8160,3358
8160,659
8160,5744
8160,8020
8160,4118
751,6286
751,8495
751,1191
751,507
751,9907
751,10311
751,4602
751,9861
751,5531
751,373
751,10315
751,4444
751,3264
751,5192
751,8644
751,2049
751,6490
751,2463
751,6701
751,7035
751,6436
751,282
751,6722
751,2403
9655,7796
4355,7796
1151,6466
1151,4064
1151,5165
1151,1437
1151,173
1151,1083
1151,2172
1151,8773
1151,2894
1151,1208
1151,2794
1151,7854
1801,8307
1801,5324
5066,6466
5066,1437
5066,1438
5066,10311
5066,5463
5066,9861
5066,3264
5066,2403
5066,9525
8863,8351
8863,9169
8863,7796
8863,7160
576,10163
576,4980
576,8035
576,9172
576,1891
576,779
642,4021
642,7090
642,9525
642,7335
642,6448
642,1718
3082,1855
513,8634
6789,3227
6789,8387
2793,6368
1613,4887
1613,7362
1613,3847
971,1346
3163,789
8494,5538
5669,9697
4262,65
9410,4220
9410,6098
9410,5744
9410,9266
9410,9558
9410,5796
9410,6405
9410,7097
9410,8366
9410,10057
9410,4655
9410,2794
9410,3542
9410,7665
9410,6033
3007,128
3007,2403
9536,6465
4118,6929
4118,5007
4118,3358
4118,1821
4118,5291
4118,8020
4118,6405
4118,6136
4118,2650
4118,8038
4118,3689
6936,10021
4271,3872
10037,2887
1735,1438
226,2794
7346,2780
8341,9264
5204,8766
1108,5324
1108,10022
4021,7335
6271,65
1037,6609
1037,4602
3356,9192
3356,2442
2261,9863
2261,6396
2261,8286
2261,4831
2261,3661
2261,4779
6450,7854
278,7090
4940,10174
4940,7879
4940,3336
4940,6757
4940,7556
4940,5775
4940,6657
4940,4602
4940,2924
4940,257
4940,6777
4940,5324
4940,3842
4940,3270
4940,1942
4940,3217
4940,6284
4940,2794
4940,2421
89,3333
1968,3358
1968,9116
1968,1742
1968,6459
1968,5744
1968,6405
1968,1713
1968,4655
1968,2794
1968,3542
1968,3068
5121,7642
9208,182
7185,10157
9115,7175
3778,10345
1222,8508
3798,10345
3237,4064
3237,2929
3237,9141
3237,8203
3237,2403
3237,359
3237,7854
2650,6136
2650,8038
4538,65
7590,65
2639,1718
1170,1664
1170,3011
9667,6997
9667,9748
6973,536
6973,1669
9588,1801
9588,6638
9588,6098
9440,5463
7595,4380
7595,411
7595,6609
7595,4602
7595,5324
7595,6490
7595,2403
4763,5642
2969,6466
2969,1437
2969,173
2969,10311
2969,2172
8028,10325
8028,1708
8028,9387
9572,8351
9572,3454
9572,9169
9572,1061
9572,4563
9572,2929
9572,3273
9572,5186
9572,9399
9572,9141
9572,9112
9572,8395
9572,6251
9572,10330
9572,5177
9572,9655
9572,9645
9572,7160
9572,8203
9572,6791
9572,6327
9572,2592
4269,6465
8874,8351
2465,6787
2465,3358
2465,659
2465,1209
2465,5744
2465,8020
2465,713
2465,6136
2465,2650
2465,3542
2465,8038
8436,4220
8436,536
8436,5744
8436,8900
8436,6973
8436,6137
9889,984
3959,7556
8238,7090
8238,7854
10056,5538
10056,8020
10056,2794
10056,2692
8956,9403
8956,182
8956,2403
411,8257
411,6706
411,6620
411,5158
411,1191
411,4444
411,8914
411,6722
411,957
8011,10007
8314,576
8314,4684
8314,8035
8314,2235
3872,408
3872,3352
3872,8387
3872,2456
10115,8351
10115,9169
10115,4563
10115,7796
10115,7160
10115,2592
1148,2794
9402,7097
9402,8366
8301,730
4991,7556
4991,257
4991,10022
2049,6286
2049,7874
2049,10311
2049,4602
2049,4848
2049,82
2049,8539
2049,4649
5067,751
8094,5793
6459,536
6459,1669
6459,5744
6459,5460
6459,6973
6459,6137
6459,3542
6421,4563
389,6189
8245,1662
3368,8351
3368,9169
3368,7796
3368,7160
3368,2592
9613,2794
9613,7854
3718,1337
4965,4848
4965,751
4965,4088
996,9863
996,10021
996,8286
996,4779
8829,7796
4176,6286
4176,4380
4176,7874
4176,9135
4176,8257
4176,6620
4176,411
4176,5158
4176,10311
4176,4602
4176,4848
4176,751
4176,3804
4176,5067
4176,4444
4176,8644
4176,2049
4176,4088
4176,8539
4176,6490
4176,8914
4176,7035
4176,282
4176,8460
4176,6722
4176,4649
4176,6802
7224,7889
3395,7796
1879,7335
6726,7996
777,4471
777,7090
1193,4887
1193,7362
4729,9169
4729,7796
1456,984
10154,6466
10154,4064
10154,5165
10154,1437
10154,173
10154,1083
10154,5463
10154,2172
10154,2894
10154,2403
10154,1208
10154,2794
10154,7854
10154,7125
9112,8351
9112,9169
9112,4563
9112,2929
9112,9399
9112,7796
9112,7160
9112,2592
111,9844
8408,65
6684,4907
6684,7866
6684,4790
6684,217
6684,3227
6684,3872
6684,6789
6684,8325
6684,408
6684,8951
6684,3352
6684,7755
6684,8387
6684,2456
10112,5957
10112,9192
4602,2598
4602,6286
4602,4380
4602,7556
4602,4848
4602,82
4602,5192
4602,8539
4602,6701
4602,9147
1008,4471
1008,7556
1008,7090
1008,4041
1008,3011
1008,686
6094,1255
6094,8145
6094,7879
6094,4310
6094,6609
6094,6657
6094,7551
6094,257
6094,6777
6094,2438
6094,10022
6094,3330
6094,3842
6094,1686
6094,6474
6094,3399
6094,6248
6094,3217
6094,9129
6094,6898
6094,1356
6094,4940
1033,2742
1033,5290
1033,8402
1033,6431
3898,3872
3177,7198
6137,536
6137,5744
6137,3542
3217,257
3217,5324
3217,10022
3634,4220
3634,2113
3634,744
3634,8509
3634,3358
3634,3171
3634,6215
3634,5555
3634,5975
3634,1613
3634,4684
3634,5665
3634,5958
3634,7676
3634,7983
3634,5538
3634,6098
3634,4324
3634,3325
3634,6459
3634,868
3634,9728
3634,5744
3634,9266
3634,4887
3634,3793
3634,1675
3634,5796
3634,9796
3634,6405
3634,8340
3634,7362
3634,9410
3634,3399
3634,7097
3634,10245
3634,8436
3634,9380
3634,10057
3634,4655
3634,2794
3634,5903
3634,3068
3634,779
3634,8038
3634,3689
3634,585
3634,7665
3634,6033
5677,9705
5677,10157
9574,1170
4779,9863
4779,10021
4779,8286
2915,9375
5936,8351
5936,9169
5936,4563
5936,2929
5936,9399
5936,8395
5936,7796
5936,7160
5936,2592
6646,7609
5177,8351
6045,2286
4445,8823
5588,6465
7665,1574
7665,4220
7665,536
7665,3358
7665,5975
7665,4684
7665,1742
7665,5958
7665,7676
7665,5538
7665,6459
7665,5744
7665,8020
7665,3793
7665,1675
7665,9558
7665,9796
7665,6405
7665,8340
7665,7362
7665,3399
7665,1713
7665,8436
7665,9380
7665,2794
7665,3542
7665,3068
7665,8038
7665,3689
7515,8315
7515,6700
1464,5796
377,1374
377,6845
377,1437
377,1782
377,3204
377,5105
377,8634
7514,10344
2133,1718
855,2650
8409,4396
8409,6458
9621,10021
4444,2438
4444,4088
4444,31
4444,4649
4444,6802
4618,8847
4618,2564
4618,9525
4618,6448
312,9169
312,7796
7598,8093
3906,8351
3906,9169
3906,7160
3906,2592
2235,8035
2235,5683
2235,9479
2979,8351
2979,9169
2979,4563
2979,2929
2979,9399
2979,896
2979,9141
2979,8395
2979,7796
2979,7160
2979,6791
2979,359
2979,7125
2979,2592
5853,7090
5626,7531
7125,8351
7125,6466
7125,3454
7125,4064
7125,6955
7125,5165
7125,9169
7125,1061
7125,4563
7125,2929
7125,8189
7125,3273
7125,1437
7125,5186
7125,173
7125,9141
7125,1083
7125,9112
7125,5463
7125,4515
7125,6251
7125,10330
7125,5177
7125,7796
7125,9655
7125,9645
7125,7160
7125,2172
7125,2894
7125,8203
7125,6327
7125,6473
7125,3440
7125,10115
7125,2403
7125,1208
7125,359
7125,2794
7125,4492
7125,2592
82,7874
1365,6845
1365,1437
1365,1782
1365,5105
1365,2391
1365,377
7854,4064
7854,8570
7854,6202
1393,1170
1393,3011
3466,1538
3466,3192
9681,5105
9681,377
5556,173
4397,8634
4397,4551
2296,8035
2296,8020
2296,6420
8029,6137
1103,3644
7551,1255
7551,8145
7551,7879
7551,4310
7551,6609
7551,6319
7551,7556
7551,6657
7551,257
7551,6777
7551,2438
7551,5324
7551,10022
7551,3330
7551,3842
7551,10123
7551,1686
7551,6474
7551,3399
7551,3217
7551,9129
7551,6898
7551,1356
7551,4991
7551,4940
6657,7879
6657,6319
6657,257
6657,6777
6657,5324
6657,3842
6657,3217
6597,5074
8017,2232
4547,10157
9192,2442
7544,6466
7544,5165
7544,173
7544,2794
5120,7720
5120,377
5120,776
3443,65
3443,4367
4662,9697
9380,5538
9380,5744
9380,8020
9380,6405
9380,2794
9380,3068
1437,1782
1437,3204
1437,5105
2634,3031
3621,1664
1083,4064
1083,2172
1083,1208
1083,2794
9939,8042
7939,8371
7939,6929
7939,6787
7939,5744
7939,5291
7939,8020
7939,713
7939,6405
7939,1138
7939,979
7939,5903
7939,3542
744,3793
744,6663
744,8436
5733,4551
8755,65
8755,789
8755,8766
8755,10117
8755,1346
6205,3217
6205,7854
1574,5538
7355,65
7355,8766
7355,10117
3927,3349
10163,4760
10163,8371
10163,6929
10163,5007
10163,6787
10163,3358
10163,1821
10163,659
10163,5683
10163,1209
10163,5744
10163,5291
10163,8020
10163,713
10163,6405
10163,6136
10163,1138
10163,2650
10163,979
10163,8038
10163,3689
10163,4118
9177,8484
3737,6789
6264,588
6264,1121
6961,7160
638,9507
10144,9169
10144,7796
10144,7160
173,4064
173,6202
173,8634
173,2794
173,7854
6787,4980
6787,4684
6787,5683
6787,1209
6787,2235
6787,3518
1633,7570
1633,5642
1633,7743
1257,10325
1257,1708
1257,9387
5329,2495
5329,3872
5329,2456
4387,8213
4351,1718
3090,1437
3090,3204
31,6609
5854,5538
5854,5903
10031,10063
10031,10117
8189,8351
8189,3454
8189,6955
8189,9169
8189,1061
8189,4563
8189,2929
8189,3273
8189,5186
8189,9399
8189,9141
8189,9112
8189,8395
8189,6251
8189,10330
8189,5177
8189,7796
8189,9655
8189,9645
8189,7160
8189,8203
8189,6791
8189,6327
8189,2403
8189,4492
4136,3256
8585,6444
1942,5775
1942,1171
1942,8639
1942,3270
1942,984
1942,2794
1942,2421
1592,2794
2258,7496
6178,548
6178,642
6178,5082
6178,8395
6178,611
6178,4021
6178,9525
6178,7335
6178,6448
6178,1718
5502,3454
5502,6955
5502,5165
5502,9169
5502,4563
5502,2929
5502,3273
5502,9399
5502,896
5502,9141
5502,9112
5502,8395
5502,6251
5502,10330
5502,5177
5502,7796
5502,9655
5502,9645
5502,7160
5502,8203
5502,6327
5502,2403
7841,9863
7841,6396
7841,10021
7841,8286
7841,4831
7841,4779
2111,1338
8020,576
8020,536
8020,6929
8020,6787
8020,4980
8020,4684
8020,659
8020,7676
8020,9172
8020,5291
8020,713
8020,6136
8020,2650
8020,979
8020,779
8020,8038
8020,3518
9855,5048
6505,65
4366,3872
1017,3285
4380,6609
4380,1037
1768,786
6609,4602
6609,2438
6609,6701
6609,4715
4585,7796
937,6466
937,4064
937,5165
937,7229
937,1437
937,173
937,1083
937,7544
937,5463
937,10154
937,6396
937,3571
937,128
937,10278
937,2172
937,8773
937,4749
937,2894
937,5028
937,5895
937,2403
937,1208
937,2794
937,7125
8451,8351
728,9192
610,3877
9389,7796
7126,10350
3943,9691
3943,5105
6513,6465
8055,2794
5567,6466
5567,4064
5567,5165
5567,173
5567,2894
5567,2794
506,7556
506,2438
506,1686
10353,6490
10353,8914
10353,2403
10353,6616
776,9544
776,7720
776,6845
776,1437
776,1782
776,9691
776,1365
776,3204
776,2391
776,7796
776,4600
776,3883
776,5344
776,1346
6791,8351
6791,9169
6791,4563
6791,2929
6791,9399
6791,8395
6791,7796
6791,7160
6791,2592
1716,8760
9472,65
597,9863
597,10021
3046,6094
3046,1255
3046,7879
3046,4310
3046,6319
3046,7556
3046,4602
3046,7551
3046,257
3046,2438
3046,5324
3046,10022
3046,3330
3046,3842
3046,1686
3046,6474
3046,6248
3046,3217
3046,9129
3046,6898
3046,1356
3046,4991
5851,5324
6650,1662
2592,8351
2592,9169
2592,4563
2592,7796
2592,7160
8905,3432
8905,536
8905,744
8905,1669
8905,5555
8905,1613
8905,1742
8905,5538
8905,6661
8905,8020
8905,8900
8905,4887
8905,3793
8905,7362
8905,7097
8905,8366
8905,585
8905,1983
6777,7879
6777,3330
6777,3217
2205,8351
2205,3454
2205,6955
2205,9169
2205,1061
2205,4563
2205,2929
2205,8189
2205,3273
2205,9399
2205,896
2205,9141
2205,9112
2205,6251
2205,10330
2205,5177
2205,7796
2205,9655
2205,9645
2205,7160
2205,8203
2205,6327
2205,6473
2205,3440
2205,4492
2205,2592
9182,5683
9182,2235
7682,9384
7682,3824
7682,3217
7682,7854
52,8509
52,5744
52,3542
7188,1438
9044,1718
2453,5929
6802,6286
6802,4380
6802,411
6802,10311
6802,4602
6802,751
6802,5067
6802,8644
6802,2049
6802,7035
6802,282
6802,8460
6802,4649
7405,137
5002,7090
1782,5105
2463,4380
2463,411
2463,4444
2463,2049
2463,4088
2463,6490
2463,4649
2463,6802
4745,6465
8847,8395
2924,10174
2924,6757
2924,5775
2924,1942
4199,5957
4199,9192
4199,65
4199,7996
4199,8755
4199,789
4199,2811
4199,9457
4199,2442
4199,8868
4199,10117
4199,1346
1424,1675
1424,3256
163,7097
4352,10174
4352,5775
4352,3270
4352,6284
4352,2794
4352,2421
9403,4698
9403,2403
3328,2794
988,4220
988,5165
988,8509
988,5538
988,3325
988,6405
988,52
988,8862
988,4655
988,779
5964,8351
5964,9169
5964,7796
9712,10022
6661,5975
6661,3634
6661,1742
6661,5538
6661,6405
6661,8366
6661,2794
6661,9555
6661,3542
6661,6033
3947,7556
3947,4698
3947,10123
3947,2403
3947,1356
6592,8634
5186,8351
5186,9169
5186,7796
4051,9544
4051,1374
4051,7720
4051,6845
4051,1437
4051,1782
4051,9691
4051,1365
4051,3204
4051,39
4051,5105
4051,2391
4051,7796
4051,4600
4051,3883
4051,377
4051,5344
4051,1346
5006,9863
5006,3661
1413,8351
1413,9169
2009,7854
5082,6455
5082,4021
5082,7160
5082,3203
5082,9525
5082,7335
5082,6448
5082,1718
9271,5957
9271,4115
9271,9192
9271,4611
9271,7996
9271,588
9271,1121
9271,2811
9271,8868
5622,3256
7836,7796
7836,4600
7836,776
10081,1438
6168,2118
6898,6319
6898,5324
6898,10022
6898,3842
7866,4907
7866,3872
7866,6789
7866,2456
5723,1449
4698,5324
4698,10123
4698,6248
7625,65
1127,5957
1127,9192
1127,7996
1127,8868
3470,3824
3470,7854
660,8351
660,3454
660,6955
660,9169
660,1061
660,4563
660,2929
660,3273
660,5186
660,9399
660,896
660,9141
660,9112
660,8395
660,6251
660,10330
660,5177
660,7796
660,9655
660,9645
660,7160
660,8203
660,6791
660,6327
660,2403
660,359
660,2592
4655,3432
4655,536
4655,744
4655,1669
4655,8509
4655,6087
4655,1613
4655,3574
4655,5538
4655,4887
4655,3793
4655,7362
4655,6663
4655,2794
4655,585
6528,6465
1104,5105
1904,536
1904,1669
1904,6973
1904,6137
8753,65
8753,8766
8753,10117
916,9169
916,2592
3296,9863
3296,9621
3296,10021
3296,8286
3296,4831
3296,3661
3296,4779
3907,1934
3907,9861
3907,3264
3907,4465
3907,2403
3907,9693
8909,65
849,3204
849,5105
5209,776
8400,1816
794,8101
3227,4907
3227,217
3227,3872
3227,408
3227,3352
3227,8387
3227,2456
2147,1438
2147,4649
4563,8351
4563,9169
4563,7796
4563,7160
2140,4032
757,7852
4316,10157
5420,8371
5420,6929
5420,5291
5420,6405
6638,1801
5903,576
5903,5007
5903,10163
5903,4980
5903,4684
5903,659
5903,7676
5903,8035
5903,5683
5903,9172
5903,5744
5903,8020
5903,6405
5903,6136
5903,2650
5903,979
5903,3542
5903,8160
5903,4118
5903,2235
5903,3518
7531,1083
7531,1208
1686,8145
1686,7879
1686,6319
1686,7556
1686,6657
1686,6777
1686,2438
1686,10022
1686,3842
5344,1782
5344,3204
5344,2391
5344,7638
1675,1574
1675,4760
1675,6466
1675,4064
1675,4220
1675,576
1675,8371
1675,3432
1675,536
1675,2113
1675,5165
1675,6929
1675,4230
1675,744
1675,6787
1675,1669
1675,10163
1675,4980
1675,8509
1675,8570
1675,3358
1675,3171
1675,9116
1675,6215
1675,5555
1675,1821
1675,1437
1675,6087
1675,173
1675,5975
1675,988
1675,1613
1675,4684
1675,659
1675,1742
1675,5665
1675,5958
1675,7676
1675,3574
1675,7983
1675,5538
1675,6661
1675,5683
1675,6098
1675,9172
1675,4324
1675,3325
1675,6459
1675,1209
1675,868
1675,10056
1675,8307
1675,9728
1675,5744
1675,1968
1675,5291
1675,6202
1675,9266
1675,8020
1675,7090
1675,4887
1675,3793
1675,5796
1675,9796
1675,6405
1675,8340
1675,3644
1675,8816
1675,7362
1675,2894
1675,9410
1675,3399
1675,6663
1675,6136
1675,52
1675,1138
1675,2650
1675,1713
1675,1208
1675,7097
1675,10245
1675,8366
1675,8436
1675,979
1675,9380
1675,1891
1675,10057
1675,4655
1675,2794
1675,7854
1675,5903
1675,9555
1675,3542
1675,3068
1675,3847
1675,779
1675,8038
1675,8160
1675,3689
1675,585
1675,9479
1675,4118
1675,2235
1675,3518
1675,6033
1675,1983
1675,2692
3454,4563
3454,2929
3454,5186
3454,9399
3454,9112
3454,5177
3454,9645
3454,7160
3454,6791
3454,7870
3454,2592
3087,1574
3087,2113
3087,9116
3087,7983
3087,5538
3087,10056
3087,8307
3087,5744
3087,8020
3087,52
3087,4655
3087,2794
3087,3542
4129,8847
4129,548
4129,1061
4129,642
4129,314
4129,8395
4129,10344
4129,611
4129,2564
4129,7160
4129,9525
4129,7335
4129,6178
4129,6448
4129,1718
4070,8509
4070,5538
4070,6661
4070,8020
4070,6405
4070,10057
6497,6524
5133,1154
5133,8307
5133,9410
9728,536
9728,1669
9728,1613
9728,1742
9728,8307
9728,8020
9728,3793
9728,8816
9728,4655
9728,3542
9728,6033
9659,9863
9659,4831
9659,3661
9659,4779
3204,1782
3204,5105
6070,131
1445,65
7377,1718
1702,6465
2251,3314
10201,4021
10201,7335
10201,1718
5413,4471
5413,7556
5413,7090
1082,10157
9275,1718
5740,6234
7044,5165
7044,10278
7044,2794
2980,5413
2980,1638
2980,506
2980,1782
2980,3774
2980,257
2980,10344
2980,2438
2980,611
2980,7090
2980,2564
2980,9129
2980,5344
2980,6178
2980,6448
7047,1273
6551,5368
2250,4444
1337,509
1337,3762
4962,7393
9970,2575
3099,589
8717,7796
2712,3314
4950,8395
4950,7796
9807,10226
4197,8919
7302,548
7302,642
7302,5082
7302,8395
7302,611
7302,4021
7302,7335
7302,1718
7072,7934
7563,314
7563,10344
9824,8868
6131,10174
6131,5282
6131,6286
6131,4380
6131,7874
6131,2651
6131,9135
6131,8257
6131,6620
6131,411
6131,5158
6131,1191
6131,507
6131,6609
6131,9907
6131,10311
6131,4602
6131,4848
6131,751
6131,8333
6131,3804
6131,5067
6131,10315
6131,4444
6131,3264
6131,8644
6131,2049
6131,5324
6131,425
6131,4088
6131,8539
6131,4176
6131,6490
6131,2463
6131,6701
6131,8914
6131,7035
6131,282
6131,8460
6131,6722
6131,2403
6131,6616
6131,4649
6131,6802
7037,6757
7037,6284
6238,4649
4306,5993
6845,5105
9345,8008
8044,2053
8140,8509
8140,9116
8140,7983
8140,5744
8140,8020
8140,6405
8140,7362
8140,4655
8140,2794
8140,3068
8140,7665
8140,6033
4827,4655
2972,349
3016,10174
3016,2651
3016,8257
3016,6620
3016,1191
3016,507
3016,9907
3016,8333
3016,4176
3016,6490
3016,2463
3016,6722
3016,801
3016,6616
3765,3232
3180,6465
4241,7090
4044,5642
9073,7335
7983,1801
7983,6661
7983,8900
2794,4220
2794,536
2794,744
2794,1669
2794,5555
2794,6087
2794,8673
2794,1742
2794,3574
2794,5538
2794,5744
2794,8900
2794,3793
2794,3270
2794,6663
2794,5460
2794,8436
2794,6973
2794,6137
6458,744
6458,8509
6458,1814
6458,7721
6458,5744
6458,1968
6458,8366
6458,3087
6458,9555
6458,3542
6458,3068
9597,6286
9597,4649
8573,1170
8573,3011
3404,3256
4635,2235
9024,10174
9024,6757
9024,5775
9024,2924
9024,1942
2554,7854
4230,5538
4230,8020
4230,7362
1609,1374
1609,1437
1609,1782
1609,3204
1609,5105
1828,3495
5692,4064
5692,6680
5692,3002
5692,7544
5692,6396
5692,3644
5692,9525
5692,2794
5692,7854
2728,9866
10156,65
3280,8351
3280,4563
3280,7160
3280,2592
2302,377
2302,776
6706,1191
6706,6701
2374,3867
6680,173
6680,2894
6680,9525
3761,8351
3761,2592
8035,8371
8035,6929
8035,5007
8035,6787
8035,4980
8035,1821
8035,659
8035,7676
8035,5683
8035,9172
8035,1209
8035,5744
8035,5291
8035,5324
8035,8020
8035,713
8035,6405
8035,6136
8035,1138
8035,2650
8035,979
8035,1891
8035,2794
8035,779
8035,8038
8035,3689
8035,9479
8035,4118
8035,3518
417,7796
653,8351
653,9169
653,7796
653,7160
653,7125
653,2592
1154,9116
1154,988
1154,52
9478,2641
7286,1098
4263,2403
4492,8351
4492,3454
4492,6955
4492,9169
4492,1061
4492,4563
4492,3273
4492,5186
4492,9399
4492,9141
4492,9112
4492,8395
4492,6251
4492,10330
4492,5177
4492,7796
4492,9655
4492,7160
4492,6791
4492,6327
4492,2592
4257,1801
4257,9628
4257,8509
4257,5603
4257,8035
4257,5744
9944,10007
6202,4064
6202,8570
10311,4649
10330,8351
10330,3454
10330,9169
10330,1061
10330,4563
10330,2929
10330,3273
10330,5186
10330,9399
10330,9141
10330,9112
10330,8395
10330,6251
10330,5177
10330,7796
10330,9655
10330,9645
10330,7160
10330,8203
10330,6791
10330,6327
10330,2592
8894,9697
2651,6620
2651,6609
2651,751
2651,3804
2651,2049
2651,4088
2651,8539
2651,7035
2651,282
2651,4649
2651,6802
6659,4848
6659,751
1670,642
1670,5082
1670,9525
1670,6448
9593,1438
373,7889
373,579
4088,7874
4088,8495
4088,10311
4088,4602
4088,4848
4088,751
4088,5067
4088,5192
4088,8644
4088,2049
4088,2438
4088,7035
4088,282
4088,6802
4088,4357
4814,8847
4814,4064
4814,8570
4814,65
4814,173
4814,314
4814,7796
8961,9108
8961,9863
8961,6396
8961,1916
8961,2261
8961,8286
8961,4831
8961,3661
8961,4779
4410,8007
1677,6034
984,4064
425,5282
4748,4471
4748,7090
5164,1574
5164,2113
5164,8509
5164,4396
5164,7983
5164,5538
5164,930
5164,10056
5164,5744
5164,8020
5164,3793
5164,9410
5164,7097
5164,8436
5164,4655
5164,2794
5164,3068
5164,1983
5324,6609
5324,7556
5324,4602
5324,257
5324,2438
5324,10022
5324,6701
5324,3847
2885,65
2885,10117
2851,10318
5386,7796
5386,7160
6396,1437
6396,6680
6396,1083
6396,7544
6396,10154
6396,2172
6396,2894
6396,2403
6396,9525
6396,1208
6396,2794
6396,7125
6358,5957
6358,9192
6358,7996
6358,2811
6358,8868
8144,8766
2776,2794
4980,10163
4980,5683
4980,1891
4980,779
4980,9479
4980,2235
6519,8351
6519,9169
6519,7160
6519,7125
6519,2592
9908,8760
1349,4115
1349,4611
1349,7996
1349,588
1349,2811
4494,8351
4494,3454
4494,9169
4494,1061
4494,4563
4494,2929
4494,3273
4494,5186
4494,9399
4494,9141
4494,9112
4494,8395
4494,6251
4494,10330
4494,5177
4494,7796
4494,9655
4494,9645
4494,7160
4494,8203
4494,6791
4494,6327
4494,2592
611,642
611,4021
611,9525
611,7335
611,6448
611,1718
8333,751
8333,4649
8333,6802
5299,2794
3182,5642
2534,4739
2534,984
9853,3872
4357,6286
4357,10311
4357,751
4357,8539
4357,7035
4357,4649
4357,6802
3308,1574
3308,4220
3308,3432
3308,536
3308,2113
3308,744
3308,1669
3308,8509
3308,3358
3308,6215
3308,5555
3308,5975
3308,1613
3308,3634
3308,4684
3308,1742
3308,5665
3308,5958
3308,7676
3308,7983
3308,5538
3308,6661
3308,6098
3308,4324
3308,3325
3308,6459
3308,868
3308,8307
3308,9728
3308,5744
3308,9266
3308,8020
3308,3793
3308,1675
3308,9796
3308,6405
3308,8340
3308,8816
3308,7601
3308,7362
3308,9410
3308,3399
3308,1713
3308,7097
3308,10245
3308,8366
3308,8436
3308,9380
3308,10057
3308,4655
3308,2794
3308,5903
3308,9555
3308,3542
3308,3068
3308,779
3308,8038
3308,3689
3308,585
3308,7665
3308,6033
3308,1983
5294,4874
5294,8843
1622,7335
1622,1718
4851,7335
4851,1718
6955,9169
5122,7796
1356,8145
1356,257
1356,5324
1356,10022
1356,4698
1356,10123
1356,1686
5731,377
9257,9029
4370,6286
4370,8495
4370,10311
4370,4602
4370,751
4370,82
4370,5192
4370,8644
4370,2049
4370,4088
4370,282
4370,4649
1061,548
1061,642
1061,5082
1061,611
1061,9525
1061,7335
1061,6448
8286,9863
8286,10021
8085,2495
8085,7796
2051,10021
1238,10040
1238,3046
1238,7556
1238,3774
1238,5324
1238,1686
3594,1096
10315,2651
10315,6620
10315,9907
10315,4444
10315,8644
10315,4088
10315,4176
10315,6490
10315,2463
10315,8914
10315,282
10315,6722
10315,4649
10315,6802
3380,359
10290,536
10290,1669
10290,5555
10290,5744
10290,5460
10290,6137
10290,3542
8093,82
8093,2049
8093,4370
9236,10007
4659,4064
4659,5165
4659,2794
4659,7854
5967,4220
5967,8900
5967,3793
5967,6663
5967,8436
9384,3824
9384,7854
9913,65
5452,9375
5452,2056
8334,6908
462,8509
462,5538
462,8307
462,7097
462,686
3831,9863
3831,2261
3831,8286
1004,4563
2995,4231
3958,8825
1405,1147
6952,7921
3691,10174
3691,6757
3691,5775
3691,2924
3691,3181
3691,1942
3691,2794
8648,7556
8648,1686
7280,3762
10022,7946
10022,1255
10022,7879
10022,6657
10022,257
10022,6777
10022,4088
10022,3330
10022,3842
10022,3167
10022,6474
10022,4940
3172,1437
3172,4649
1821,4760
1821,8371
1821,6787
1821,5744
1821,5291
1821,6405
1821,979
8149,1437
8149,3204
3008,8351
3008,9169
3008,4563
3008,2929
3008,9399
3008,9141
3008,8395
3008,7796
3008,7160
3008,6791
3008,2592
1481,8639
1481,7965
1481,5609
1481,2794
1481,5856
5195,9863
6522,4471
9859,7743
9859,10157
8703,7676
3399,7946
3399,4220
3399,3432
3399,536
3399,7879
3399,744
3399,1669
3399,8509
3399,6215
3399,5555
3399,6087
3399,8673
3399,1613
3399,6319
3399,7556
3399,6657
3399,1742
3399,3574
3399,5538
3399,8307
3399,257
3399,6777
3399,10290
3399,5324
3399,8020
3399,10022
3399,3330
3399,8900
3399,4887
3399,3793
3399,6474
3399,8816
3399,7362
3399,6663
3399,3217
3399,5460
3399,1713
3399,6898
3399,8436
3399,4655
3399,6137
3399,2794
3399,3542
3399,3068
3399,585
3399,4940
6663,4220
6663,536
6663,5744
6231,3990
6231,2053
6231,9170
6231,8994
2352,9169
2352,4563
2352,7796
2352,7160
5291,4760
5291,6929
5291,6787
5291,659
5291,1209
5291,5744
5291,713
5291,6405
5291,6136
5291,1138
5291,2650
5291,979
5291,5903
5291,3542
2506,4088
7996,5957
7996,9192
7996,2442
6098,5538
6098,5744
4280,6465
8434,7874
8434,8257
8434,6620
8434,9907
8434,10315
8434,8539
8434,2463
8434,6701
8434,7035
8434,6275
8434,6722
8434,4357
6286,4088
7960,1530
8315,2924
8315,8639
8661,4021
8661,7335
5581,10157
4041,10174
4041,5775
4041,2794
10254,9845
1868,525
3232,7381
6977,9008
6977,2403
6977,7559
3954,3872
3804,6286
3804,7874
3804,411
3804,10311
3804,4848
3804,751
3804,5067
3804,8644
3804,2049
3804,4088
3804,8539
3804,7035
3804,282
3804,2794
3804,6802
8340,5538
8340,8020
8340,6405
8340,2794
8340,3068
2575,5538
2575,5744
2575,8020
9141,6791
2767,2794
4012,3489
3964,4907
3964,4790
3964,217
3964,3227
3964,3872
3964,6789
3964,408
3964,3352
3964,8387
3964,2456
969,9863
5093,984
3264,5531
3264,5067
3264,4088
3264,8539
3264,4649
6010,3872
2936,2592
7314,5957
7314,9192
7314,7996
7314,2442
6200,1061
6200,642
6200,611
6200,4021
6200,7335
6200,1718
9558,3358
9558,7676
9558,5538
9558,868
9558,8307
9558,5744
9558,8020
9558,4887
9558,1675
9558,7362
9558,8436
9558,4655
9558,2794
9558,3542
9558,3068
9558,3689
6368,116
1229,5880
968,5957
968,4115
968,7996
968,1121
968,2442
968,8868
9324,2113
9324,5796
1221,6465
7362,8509
7362,6087
7362,8673
7362,1742
7362,3574
7362,4887
7362,6137
7362,2794
7362,3847
426,2794
426,7854
2515,5180
1255,7946
1255,7879
1255,6319
1255,7556
1255,6657
1255,257
1255,6777
1255,3330
1255,3842
1255,3167
1255,6474
1255,3399
1255,3217
1255,6898
1255,4940
2894,6466
2894,4064
2894,5165
2894,173
2894,8035
2894,2794
2894,7854
7312,6091
5600,8371
5600,5291
1304,7854
7291,10330
7357,7844
9905,65
4474,8797
8335,6470
4684,576
4684,4980
4684,8509
4684,8035
4684,5683
4684,9172
4684,6405
4684,1891
4684,779
4684,2235
4684,3518
6327,8351
6327,3454
6327,9169
6327,1061
6327,4563
6327,2929
6327,5186
6327,9399
6327,9141
6327,9112
6327,8395
6327,5177
6327,7796
6327,9645
6327,7160
6327,6791
6327,2592
1972,1438
5046,709
5046,5957
5046,9271
5046,4115
5046,9192
5046,6358
5046,173
5046,4199
5046,4611
5046,8070
5046,7996
5046,2801
5046,10112
5046,588
5046,1121
5046,3032
5046,2811
5046,4734
5046,8868
5046,6264
3883,9544
3883,1437
3883,3204
3883,377
3883,1346
2516,789
2516,8766
2516,10117
6176,1984
6176,8844
4848,6286
4848,4380
4848,9135
4848,8257
4848,411
4848,10311
4848,3148
4848,751
4848,5067
4848,7035
4848,282
4848,6802
4848,4357
6405,6787
6405,3358
6405,659
6405,5744
6405,8020
6405,713
6405,6136
6405,1138
6405,2650
6405,8038
3171,5796
3171,7097
3171,8366
2442,65
2442,789
2288,2794
1577,3011
3277,6845
3277,9691
6145,5642
9035,8351
9035,3454
9035,6955
9035,9169
9035,1061
9035,4563
9035,2929
9035,3273
9035,5186
9035,9399
9035,9141
9035,9112
9035,8395
9035,6251
9035,10330
9035,5177
9035,7796
9035,9655
9035,9645
9035,7160
9035,8203
9035,6791
9035,6327
9035,2592
8183,4198
8183,1637
3152,8351
5537,9169
5537,7796
5537,7160
6089,4220
6089,2794
4749,5165
4749,173
4749,1083
3181,2794
4369,10157
4369,7844
5966,3106
10063,8766
10063,1346
5555,536
282,6286
282,4380
282,9135
282,8257
282,411
282,6609
282,10311
282,4602
282,5067
282,8644
282,2049
282,7035
282,4357
8460,6286
8460,4380
8460,7874
8460,2651
8460,9135
8460,8257
8460,6620
8460,411
8460,5158
8460,1191
8460,9907
8460,10311
8460,4602
8460,4848
8460,751
8460,3804
8460,82
8460,5067
8460,10315
8460,4444
8460,8644
8460,2049
8460,4088
8460,8539
8460,6490
8460,8914
8460,7035
8460,8093
8460,282
8460,6722
8460,4649
6484,9169
6484,7796
8203,4563
8203,2929
8203,5186
8203,9399
8203,9141
8203,8395
8203,5177
8203,7796
8203,9645
8203,7160
8203,6791
8975,9223
4807,5165
4807,2894
333,8188
582,4907
582,3872
582,8387
582,2456
3965,5531
3965,6701
9611,9169
9611,7796
1708,4471
1708,7556
1708,7090
5603,8509
850,6465
1182,7886
1660,7097
1660,8366
2421,3270
2421,2794
9335,8351
9335,9169
9335,7796
9335,2592
8873,2794
7552,7066
7552,4492
7552,7870
6494,6757
6494,1942
4518,1438
1637,4198
939,9279
2106,8570
10266,4719
7425,7090
3689,4760
3689,6787
3689,3358
3689,659
3689,5744
3689,8020
3689,713
3689,6136
3689,2650
3689,979
3689,5903
3689,3542
3689,8038
1523,2794
4473,7852
4473,4997
7510,7844
3030,4471
3030,7556
3030,7090
3030,3011
2530,8698
7520,8371
7520,6929
7520,6787
7520,3358
7520,659
7520,1209
7520,5744
7520,5291
7520,8020
7520,713
7520,6405
7520,6136
7520,1138
7520,2650
7520,3542
7520,8038
10168,8634
7852,4997
8481,65
8674,8351
8674,3454
8674,2929
8674,7796
8674,7160
2950,5642
2950,5929
7947,9192
7947,7996
7947,2811
7947,8868
5028,4064
5028,173
5028,8773
5028,2794
8757,7556
9821,1956
6701,4380
6701,411
6701,1191
6701,4444
6701,2438
6701,31
6701,957
3141,4907
3141,3872
3141,8951
3141,8387
5192,2598
5192,4848
5192,3804
5192,2049
5192,3304
5192,9147
7796,780
7796,2391
8307,1574
8307,3432
8307,536
8307,2113
8307,4230
8307,744
8307,8509
8307,3358
8307,3171
8307,5975
8307,8673
8307,3634
8307,1742
8307,5665
8307,5958
8307,7676
8307,5538
8307,8035
8307,6661
8307,6098
8307,3325
8307,5967
8307,6459
8307,868
8307,5744
8307,9266
8307,10290
8307,8020
8307,8900
8307,4887
8307,3793
8307,5796
8307,3676
8307,9410
8307,1713
8307,10245
8307,8366
8307,8436
8307,9380
8307,10057
8307,4655
8307,6137
8307,2794
8307,5903
8307,3542
8307,3068
8307,779
8307,585
8307,7665
3886,1374
3886,6845
3886,1437
3886,3204
3886,5105
3886,2391
3886,377
3886,1346
8553,2701
9108,9863
9108,1916
2176,963
664,10040
664,3046
1328,3452
1328,10345
3586,7946
3586,6777
3586,3330
3586,3167
3586,3399
3349,7796
1191,2438
1191,2403
1191,4649
2455,65
9833,5537
9833,3645
5442,7796
8276,8351
8276,5186
4723,1209
4723,5291
4723,713
4723,6136
4723,2650
4723,8038
1296,3872
789,65
789,8766
789,10117
3644,4064
3644,8570
3644,173
7436,1910
9233,2592
4724,1446
6215,4220
6215,3432
6215,536
6215,744
6215,1669
6215,8509
6215,5555
6215,6087
6215,8673
6215,1613
6215,1742
6215,7676
6215,3574
6215,5538
6215,5967
6215,8307
6215,5744
6215,10290
6215,8020
6215,8900
6215,4887
6215,3793
6215,8816
6215,7362
6215,6663
6215,5460
6215,1713
6215,8436
6215,6973
6215,4655
6215,6137
6215,2794
6215,3542
6215,3068
6215,3847
6215,585
6215,5202
6215,6033
6215,1983
10344,1718
9457,65
9457,789
9457,9525
9457,10117
9457,1346
6054,5393
5905,4887
8387,2456
4901,8570
4901,173
9439,1445
9439,65
9439,8766
9439,10117
4739,984
3275,377
3275,776
1691,7796
5597,3454
5597,4563
5597,2929
5597,9399
5597,7796
5597,9645
9544,6845
9544,3204
3824,3217
3824,7854
6999,7996
14,984
4298,2794
1374,8351
1374,3454
1374,9169
1374,9544
1374,4563
1374,7720
1374,2929
1374,6845
1374,3273
1374,1437
1374,1782
1374,9691
1374,9399
1374,9141
1374,1365
1374,9112
1374,3204
1374,5105
1374,8395
1374,5177
1374,7796
1374,9645
1374,7160
1374,6791
1374,4600
1374,3883
1374,5344
1374,2592
5287,5609
1419,7961
7416,477
9368,8766
9368,10117
277,173
6563,377
9169,7796
6490,7809
6490,411
6490,1191
6490,4602
6490,4507
6490,31
6490,6701
6490,7559
6490,4649
6490,957
8432,2794
9891,7743
3216,9588
2179,8509
2179,5603
2179,8020
2179,9387
2179,2794
2179,3087
7714,6203
1308,10157
8237,3752
2721,1879
2340,9887
4001,9384
4001,3824
4001,3217
4001,7854
8046,6757
8046,2924
8046,1942
1664,4471
1664,7556
1664,7090
6319,6094
6319,7556
6319,2942
6319,10022
6319,3330
10173,5660
359,6466
359,3454
359,4064
359,6955
359,5165
359,9169
359,1061
359,4563
359,2929
359,3273
359,1437
359,5186
359,173
359,9399
359,7136
359,9141
359,1083
359,9112
359,8395
359,6251
359,10330
359,5177
359,7796
359,9655
359,9645
359,7160
359,2172
359,2894
359,8203
359,6791
359,6327
359,2403
359,1208
359,2794
359,7854
359,4492
359,2592
9750,8351
9750,9169
9750,2592
1669,536
1669,5555
1669,5460
1669,6137
8951,217
8951,3872
8951,2456
3534,8326
8509,744
8509,6087
8509,1742
8509,5744
8509,8900
8509,7097
8509,8366
8509,2794
4704,10157
3661,9863
9846,3287
4532,5760
1529,6465
4247,8634
289,10311
289,7035
289,6802
4568,2456
779,4760
779,8371
779,6929
779,5007
779,6787
779,10163
779,1821
779,659
779,7676
779,5683
779,9172
779,1209
779,5744
779,713
779,6405
779,6136
779,52
779,1138
779,2650
779,979
779,1891
779,4655
779,3087
779,3068
779,8038
779,3689
779,9479
779,4118
779,2235
2598,6286
2598,7874
2598,2651
2598,9135
2598,411
2598,10311
2598,4848
2598,751
2598,3804
2598,5531
2598,5067
2598,4444
2598,3264
2598,8644
2598,2049
2598,5324
2598,4088
2598,4176
2598,6490
2598,8914
2598,7035
2598,282
2598,2403
2598,4649
2598,6802
3167,10174
3167,7946
3167,7879
3167,6757
3167,6319
3167,5775
3167,2924
3167,182
3167,6777
3167,5324
3167,3181
3167,3330
3167,3270
3167,3399
3167,3217
3167,6898
3167,6284
3167,2794
3167,2421
9644,5125
5827,3752
3809,65
7601,1574
7601,4220
7601,3432
7601,536
7601,2113
7601,744
7601,1669
7601,8509
7601,3358
7601,6215
7601,5555
7601,5975
7601,1613
7601,3634
7601,4684
7601,1742
7601,5665
7601,5958
7601,7676
7601,7983
7601,5538
7601,6661
7601,6098
7601,4324
7601,3325
7601,6459
7601,868
7601,8307
7601,9728
7601,5744
7601,9266
7601,10290
7601,8020
7601,4887
7601,3793
7601,1675
7601,9558
7601,9796
7601,6405
7601,8340
7601,8816
7601,7362
7601,9410
7601,3399
7601,1713
7601,7097
7601,10245
7601,8366
7601,8436
7601,9380
7601,10057
7601,4655
7601,2794
7601,5903
7601,9555
7601,3542
7601,3068
7601,779
7601,8038
7601,3689
7601,585
7601,7665
7601,6033
7601,1983
9227,1968
9227,579
6853,3872
8199,4760
8199,8371
8199,6787
8199,3358
8199,659
8199,1209
8199,5744
8199,713
8199,6405
8199,1138
8199,979
8199,3542
7704,8351
7704,776
4790,4907
4790,217
4790,3227
4790,3872
4790,408
4790,3352
4790,8387
4790,2456
3088,6947
3867,1788
4683,5261
269,7090
1718,4471
1718,1664
1718,7090
371,9845
371,10345
371,2495
6805,4471
6805,1664
6805,7090
2390,6465
1694,1859
5531,6286
5531,4380
5531,7874
5531,2651
5531,9135
5531,8257
5531,6620
5531,411
5531,5158
5531,1191
5531,507
5531,6609
5531,6131
5531,10311
5531,4602
5531,4848
5531,8333
5531,3804
5531,5067
5531,10315
5531,8644
5531,2049
5531,5324
5531,425
5531,4088
5531,8539
5531,4176
5531,6490
5531,2463
5531,6701
5531,8914
5531,7035
5531,282
5531,8460
5531,6722
5531,2403
5531,6616
5531,4649
5531,6802
7845,536
2353,8351
2353,9169
2353,4563
2353,2929
2353,9399
2353,896
2353,9141
2353,7796
2353,7160
2353,6791
2353,2592
3550,7796
2718,5324
9105,10345
1141,10134
4007,4281
8371,4760
8371,6787
8371,659
8371,1209
8371,5744
8371,8020
8371,713
8371,6405
8371,6136
8371,2650
8371,5903
8371,3542
8371,8038
4678,540
5141,8351
5141,5463
5141,8395
5141,7160
5859,1718
4350,3495
4350,7844
8145,1255
8145,7879
8145,6319
8145,7556
8145,6657
8145,257
8145,6777
8145,5324
8145,10022
8145,3842
8145,6474
8145,3399
8145,3217
8145,6898
8145,4940
6240,3489
7159,8351
7159,9169
7159,7796
7437,548
7437,642
7437,5082
7437,8395
7437,4021
7437,9525
7437,7335
7437,6448
7437,1718
3620,314
3620,7796
3620,6791
4002,4471
128,7544
128,6396
5643,5744
5643,8020
5643,7097
5643,3542
4363,1796
8528,3874
4189,3252
930,9116
930,5744
930,8020
930,6405
930,579
930,2692
5665,8509
5665,6098
5665,8020
5665,8366
5665,4655
5426,2794
5492,10157
1962,2528
886,4471
886,1664
886,7090
886,3011
2618,8351
2618,7796
2618,9645
2618,6473
2618,10115
2618,4492
4220,744
4220,8509
4220,8673
4220,3574
4220,8900
2692,6098
2692,3325
2692,5744
9620,8524
9620,1170
7614,6466
433,10157
8948,3885
3161,2391
6448,8847
6448,9169
6448,314
6448,4021
6448,7796
6448,2564
6448,9525
6448,7335
6448,1718
3207,5957
3207,9192
3207,7996
1538,8295
1538,3192
3575,8847
3575,548
3575,1061
3575,642
3575,314
3575,5082
3575,8395
3575,10344
3575,611
3575,4021
3575,2564
3575,7160
3575,9525
3575,7335
3575,6178
3575,6448
2485,10221
2220,6909
3542,4760
3542,4220
3542,536
3542,6929
3542,744
3542,5007
3542,6787
3542,1669
3542,10163
3542,4980
3542,8509
3542,5555
3542,1821
3542,6087
3542,8673
3542,4684
3542,659
3542,1742
3542,3574
3542,5538
3542,8035
3542,5683
3542,5967
3542,1209
3542,5744
3542,8020
3542,713
3542,8900
3542,3793
3542,6405
3542,3676
3542,1311
3542,6663
3542,6136
3542,1138
3542,2650
3542,1713
3542,8436
3542,9327
3542,4655
3542,2794
3542,3068
3542,779
3542,8038
3542,8160
3542,9479
3542,5202
3542,4118
3542,3518
3542,6033
896,9169
896,9399
896,8395
165,9169
165,7796
3306,65
8173,4715
7809,6706
7809,411
7809,4507
7809,6701
7809,7559
7809,957
1156,1718
3762,509
6703,536
6703,5555
6703,5744
6703,3542
1346,1374
1346,1782
675,3408
4788,5368
6722,6701
1138,536
1138,5007
1138,6787
1138,1669
1138,1821
1138,4684
1138,1209
1138,5744
1138,8020
1138,713
1138,6136
1138,2650
1138,979
1138,6137
1138,8038
1138,3689
1138,4118
7559,6286
7559,4380
7559,7874
7559,9135
7559,8257
7559,6706
7559,6620
7559,411
7559,5158
7559,1191
7559,6609
7559,10311
7559,4602
7559,4848
7559,751
7559,3804
7559,4507
7559,4444
7559,8644
7559,2049
7559,2438
7559,4088
7559,31
7559,8539
7559,6701
7559,8914
7559,7035
7559,282
7559,8460
7559,6722
7559,4649
7559,6802
7559,957
5017,2056
9264,7160
9693,5531
9693,2403
9525,8351
9525,9169
9525,4563
9525,7720
9525,65
9525,6845
9525,9691
9525,896
9525,9141
9525,3204
9525,789
9525,8766
9525,7796
9525,9645
9525,4600
9525,10117
9525,359
9525,1346
9525,2592
2056,9375
2056,2915
9101,903
9101,2462
10117,65
4535,7726
1322,286
3032,4115
3032,1121
3560,7796
7766,3068
7335,1718
3540,8351
3540,9169
3540,7796
5407,8351
5407,9169
5407,7796
5407,7160
5407,2592
5074,8020
5074,3793
10260,2190